<?xml version="1.0" encoding="UTF-8"?>
<!DOCTYPE mapper PUBLIC "-//mybatis.org//DTD Mapper 3.0//EN" "http://mybatis.org/dtd/mybatis-3-mapper.dtd">
<mapper namespace="com.powernode.mapper.ProdPropMapper">
  <resultMap id="BaseResultMap" type="com.powernode.domain.ProdProp">
    <!--@mbg.generated-->
    <!--@Table prod_prop-->
    <id column="prop_id" jdbcType="BIGINT" property="propId" />
    <result column="prop_name" jdbcType="VARCHAR" property="propName" />
    <result column="rule" jdbcType="TINYINT" property="rule" />
    <result column="shop_id" jdbcType="BIGINT" property="shopId" />
  </resultMap>
  <sql id="Base_Column_List">
    <!--@mbg.generated-->
    prop_id, prop_name, `rule`, shop_id
  </sql>
</mapper>