<?xml version="1.0" encoding="UTF-8"?>
<!DOCTYPE mapper PUBLIC "-//mybatis.org//DTD Mapper 3.0//EN" "http://mybatis.org/dtd/mybatis-3-mapper.dtd">
<mapper namespace="com.powernode.mapper.SysLogMapper">
  <resultMap id="BaseResultMap" type="com.powernode.domain.SysLog">
    <!--@mbg.generated-->
    <!--@Table sys_log-->
    <id column="id" jdbcType="BIGINT" property="id" />
    <result column="user_id" jdbcType="BIGINT" property="userId" />
    <result column="operation" jdbcType="VARCHAR" property="operation" />
    <result column="method" jdbcType="VARCHAR" property="method" />
    <result column="params" jdbcType="VARCHAR" property="params" />
    <result column="time" jdbcType="BIGINT" property="time" />
    <result column="ip" jdbcType="VARCHAR" property="ip" />
    <result column="create_date" jdbcType="TIMESTAMP" property="createDate" />
  </resultMap>
  <sql id="Base_Column_List">
    <!--@mbg.generated-->
    id, user_id, `operation`, `method`, params, `time`, ip, create_date
  </sql>
</mapper>