<?xml version="1.0" encoding="UTF-8"?>
<!DOCTYPE mapper PUBLIC "-//mybatis.org//DTD Mapper 3.0//EN" "http://mybatis.org/dtd/mybatis-3-mapper.dtd">
<mapper namespace="com.powernode.mapper.SysMenuMapper">
  <resultMap id="BaseResultMap" type="com.powernode.domain.SysMenu">
    <!--@mbg.generated-->
    <!--@Table sys_menu-->
    <id column="menu_id" jdbcType="BIGINT" property="menuId" />
    <result column="parent_id" jdbcType="BIGINT" property="parentId" />
    <result column="name" jdbcType="VARCHAR" property="name" />
    <result column="url" jdbcType="VARCHAR" property="url" />
    <result column="perms" jdbcType="VARCHAR" property="perms" />
    <result column="type" jdbcType="INTEGER" property="type" />
    <result column="icon" jdbcType="VARCHAR" property="icon" />
    <result column="order_num" jdbcType="INTEGER" property="orderNum" />
  </resultMap>
  <sql id="Base_Column_List">
    <!--@mbg.generated-->
    menu_id, parent_id, `name`, url, perms, `type`, icon, order_num
  </sql>

  <select id="selectUserMenuListByUserId" resultMap="BaseResultMap">
    SELECT
      t1.*
    FROM
      sys_menu t1
        JOIN sys_role_menu t2
        JOIN sys_user_role t3 ON ( t1.menu_id = t2.menu_id AND t2.role_id = t3.role_id )
    WHERE
      t3.user_id = #{loginUserId}
      AND ( t1.type = 0 OR t1.type = 1 );

    </select>
</mapper>