<?xml version="1.0" encoding="UTF-8"?>
<!DOCTYPE mapper PUBLIC "-//mybatis.org//DTD Mapper 3.0//EN" "http://mybatis.org/dtd/mybatis-3-mapper.dtd">
<mapper namespace="com.powernode.mapper.SysRoleMapper">
  <resultMap id="BaseResultMap" type="com.powernode.domain.SysRole">
    <!--@mbg.generated-->
    <!--@Table sys_role-->
    <id column="role_id" jdbcType="BIGINT" property="roleId" />
    <result column="role_name" jdbcType="VARCHAR" property="roleName" />
    <result column="remark" jdbcType="VARCHAR" property="remark" />
    <result column="create_user_id" jdbcType="BIGINT" property="createUserId" />
    <result column="create_time" jdbcType="TIMESTAMP" property="createTime" />
  </resultMap>
  <sql id="Base_Column_List">
    <!--@mbg.generated-->
    role_id, role_name, remark, create_user_id, create_time
  </sql>
</mapper>