<?xml version="1.0" encoding="UTF-8"?>
<!DOCTYPE mapper PUBLIC "-//mybatis.org//DTD Mapper 3.0//EN" "http://mybatis.org/dtd/mybatis-3-mapper.dtd">
<mapper namespace="com.powernode.mapper.SysUserMapper">
  <resultMap id="BaseResultMap" type="com.powernode.domain.SysUser">
    <!--@mbg.generated-->
    <!--@Table sys_user-->
    <id column="user_id" jdbcType="BIGINT" property="userId" />
    <result column="username" jdbcType="VARCHAR" property="username" />
    <result column="password" jdbcType="VARCHAR" property="password" />
    <result column="email" jdbcType="VARCHAR" property="email" />
    <result column="mobile" jdbcType="VARCHAR" property="mobile" />
    <result column="status" jdbcType="TINYINT" property="status" />
    <result column="create_user_id" jdbcType="BIGINT" property="createUserId" />
    <result column="create_time" jdbcType="TIMESTAMP" property="createTime" />
    <result column="shop_id" jdbcType="BIGINT" property="shopId" />
  </resultMap>
  <sql id="Base_Column_List">
    <!--@mbg.generated-->
    user_id, username, `password`, email, mobile, `status`, create_user_id, create_time, 
    shop_id
  </sql>
</mapper>