<?xml version="1.0" encoding="UTF-8"?>
<!DOCTYPE mapper PUBLIC "-//mybatis.org//DTD Mapper 3.0//EN" "http://mybatis.org/dtd/mybatis-3-mapper.dtd">
<mapper namespace="com.powernode.mapper.BasketMapper">
  <resultMap id="BaseResultMap" type="com.powernode.domain.Basket">
    <!--@mbg.generated-->
    <!--@Table basket-->
    <id column="basket_id" jdbcType="BIGINT" property="basketId" />
    <result column="shop_id" jdbcType="BIGINT" property="shopId" />
    <result column="prod_id" jdbcType="BIGINT" property="prodId" />
    <result column="sku_id" jdbcType="BIGINT" property="skuId" />
    <result column="open_id" jdbcType="VARCHAR" property="openId" />
    <result column="prod_count" jdbcType="INTEGER" property="prodCount" />
    <result column="create_time" jdbcType="TIMESTAMP" property="createTime" />
  </resultMap>
  <sql id="Base_Column_List">
    <!--@mbg.generated-->
    basket_id, shop_id, prod_id, sku_id, open_id, prod_count, create_time
  </sql>
</mapper>