<?xml version="1.0" encoding="UTF-8"?>
<!DOCTYPE mapper PUBLIC "-//mybatis.org//DTD Mapper 3.0//EN" "http://mybatis.org/dtd/mybatis-3-mapper.dtd">
<mapper namespace="com.powernode.mapper.NoticeMapper">
  <resultMap id="BaseResultMap" type="com.powernode.domain.Notice">
    <!--@mbg.generated-->
    <!--@Table notice-->
    <id column="id" jdbcType="BIGINT" property="id" />
    <result column="shop_id" jdbcType="BIGINT" property="shopId" />
    <result column="title" jdbcType="VARCHAR" property="title" />
    <result column="content" jdbcType="LONGVARCHAR" property="content" />
    <result column="status" jdbcType="BOOLEAN" property="status" />
    <result column="is_top" jdbcType="TINYINT" property="isTop" />
    <result column="create_time" jdbcType="TIMESTAMP" property="createTime" />
    <result column="update_time" jdbcType="TIMESTAMP" property="updateTime" />
  </resultMap>
  <sql id="Base_Column_List">
    <!--@mbg.generated-->
    id, shop_id, title, content, `status`, is_top, create_time, update_time
  </sql>
</mapper>