<?xml version="1.0" encoding="UTF-8"?>
<!DOCTYPE mapper PUBLIC "-//mybatis.org//DTD Mapper 3.0//EN" "http://mybatis.org/dtd/mybatis-3-mapper.dtd">
<mapper namespace="com.powernode.mapper.OrderMapper">
  <resultMap id="BaseResultMap" type="com.powernode.domain.Order">
    <!--@mbg.generated-->
    <!--@Table `order`-->
    <id column="order_id" jdbcType="BIGINT" property="orderId" />
    <result column="open_id" jdbcType="VARCHAR" property="openId" />
    <result column="order_number" jdbcType="VARCHAR" property="orderNumber" />
    <result column="total_money" jdbcType="DECIMAL" property="totalMoney" />
    <result column="actual_total" jdbcType="DECIMAL" property="actualTotal" />
    <result column="remarks" jdbcType="VARCHAR" property="remarks" />
    <result column="status" jdbcType="INTEGER" property="status" />
    <result column="dvy_type" jdbcType="VARCHAR" property="dvyType" />
    <result column="dvy_id" jdbcType="BIGINT" property="dvyId" />
    <result column="dvy_flow_id" jdbcType="VARCHAR" property="dvyFlowId" />
    <result column="freight_amount" jdbcType="DECIMAL" property="freightAmount" />
    <result column="addr_order_id" jdbcType="BIGINT" property="addrOrderId" />
    <result column="product_nums" jdbcType="INTEGER" property="productNums" />
    <result column="create_time" jdbcType="TIMESTAMP" property="createTime" />
    <result column="update_time" jdbcType="TIMESTAMP" property="updateTime" />
    <result column="pay_time" jdbcType="TIMESTAMP" property="payTime" />
    <result column="dvy_time" jdbcType="TIMESTAMP" property="dvyTime" />
    <result column="finally_time" jdbcType="TIMESTAMP" property="finallyTime" />
    <result column="cancel_time" jdbcType="TIMESTAMP" property="cancelTime" />
    <result column="is_payed" jdbcType="Integer" property="isPayed" />
    <result column="delete_status" jdbcType="INTEGER" property="deleteStatus" />
    <result column="refund_sts" jdbcType="INTEGER" property="refundSts" />
    <result column="reduce_amount" jdbcType="DECIMAL" property="reduceAmount" />
    <result column="close_type" jdbcType="TINYINT" property="closeType" />
  </resultMap>
  <sql id="Base_Column_List">
    <!--@mbg.generated-->
    order_id, open_id, order_number, total_money, actual_total, remarks, `status`, dvy_type, 
    dvy_id, dvy_flow_id, freight_amount, addr_order_id, product_nums, create_time, update_time, 
    pay_time, dvy_time, finally_time, cancel_time, is_payed, delete_status, refund_sts, 
    reduce_amount, close_type
  </sql>
</mapper>